{
  "$schema": "https://raw.githubusercontent.com/grafana/grafana/main/docs/sources/developers/plugins/plugin.schema.json",
  "type": "datasource",
  "name": "Odl-Datasource",
  "id": "falcondevtech-odl-datasource",
  "metrics": true,
  "backend": true,
  "executable": "gpx_odl_datasource",
  "info": {
    "description": "Use opendaylight orchestrator as a datasource",
    "author": {
      "name": "Falcondev"
    },
    "keywords": ["datasource"],
    "logos": {
      "small": "img/logo.svg",
      "large": "img/logo.svg"
    },
    "links": [],
    "screenshots": [
      {
        "name": "Query",
        "path": "img/Odl-datasource-screenshot.png"
      }
    ],
    "version": "3.0.0",
    "updated": "2024-03-29"
  },
  "dependencies": {
    "grafanaDependency": ">=10.3.3",
    "plugins": []
  }
}
